name,label
vw-beetle/00000441.jpg,vw-beetle
vw-beetle/00000081.jpg,vw-beetle
vw-beetle/00000301.jpg,vw-beetle
vw-beetle/00000305.jpg,vw-beetle
vw-beetle/00000586.jpg,vw-beetle
vw-beetle/00000682.jpg,vw-beetle
vw-beetle/00000713.jpg,vw-beetle
vw-beetle/00000276.jpg,vw-beetle
vw-beetle/00000688.jpg,vw-beetle
vw-beetle/00000406.jpg,vw-beetle
vw-beetle/00000001.jpg,vw-beetle
vw-beetle/00000074.jpg,vw-beetle
vw-beetle/00000556.jpg,vw-beetle
vw-beetle/00000138.jpg,vw-beetle
vw-beetle/00000384.jpg,vw-beetle
vw-beetle/00000022.jpg,vw-beetle
vw-beetle/00000558.jpg,vw-beetle
vw-beetle/00000383.jpg,vw-beetle
vw-beetle/00000635.jpg,vw-beetle
vw-beetle/00000506.jpg,vw-beetle
vw-beetle/00000182.jpg,vw-beetle
vw-beetle/00000265.JPG,vw-beetle
vw-beetle/00000700.jpg,vw-beetle
vw-beetle/00000416.jpg,vw-beetle
vw-beetle/00000052.jpg,vw-beetle
vw-beetle/00000169.jpg,vw-beetle
vw-beetle/00000540.jpg,vw-beetle
vw-beetle/00000504.jpg,vw-beetle
vw-beetle/00000215.jpg,vw-beetle
vw-beetle/00000428.jpg,vw-beetle
vw-beetle/00000355.jpg,vw-beetle
vw-beetle/00000446.jpg,vw-beetle
vw-beetle/00000302.jpg,vw-beetle
vw-beetle/00000122.jpg,vw-beetle
vw-beetle/00000584.jpg,vw-beetle
vw-beetle/00000054.jpg,vw-beetle
vw-beetle/00000155.jpg,vw-beetle
vw-beetle/00000031.jpg,vw-beetle
vw-beetle/00000047.jpg,vw-beetle
vw-beetle/00000056.png,vw-beetle
vw-beetle/00000388.jpg,vw-beetle
vw-beetle/00000077.jpg,vw-beetle
vw-beetle/00000374.jpg,vw-beetle
vw-beetle/00000006.jpg,vw-beetle
vw-beetle/00000200.jpg,vw-beetle
vw-beetle/00000092.jpg,vw-beetle
vw-beetle/00000222.jpg,vw-beetle
vw-beetle/00000595.jpg,vw-beetle
vw-beetle/00000714.jpg,vw-beetle
vw-beetle/00000448.jpg,vw-beetle
vw-beetle/00000185.jpg,vw-beetle
vw-beetle/00000500.jpg,vw-beetle
vw-beetle/00000537.jpg,vw-beetle
vw-beetle/00000616.jpg,vw-beetle
vw-beetle/00000429.jpg,vw-beetle
vw-beetle/00000385.jpg,vw-beetle
vw-beetle/00000229.jpg,vw-beetle
vw-beetle/00000068.jpg,vw-beetle
vw-beetle/00000103.jpg,vw-beetle
vw-beetle/00000175.jpg,vw-beetle
vw-beetle/00000064.jpg,vw-beetle
vw-beetle/00000210.jpg,vw-beetle
vw-beetle/00000045.jpg,vw-beetle
vw-beetle/00000063.jpg,vw-beetle
vw-beetle/00000055.jpg,vw-beetle
vw-beetle/00000452.jpg,vw-beetle
vw-beetle/00000708.jpg,vw-beetle
vw-beetle/00000322.jpg,vw-beetle
vw-beetle/00000656.jpg,vw-beetle
vw-beetle/00000442.jpg,vw-beetle
vw-beetle/00000028.jpg,vw-beetle
vw-beetle/00000046.jpg,vw-beetle
vw-beetle/00000015.jpg,vw-beetle
vw-beetle/00000601.jpg,vw-beetle
vw-beetle/00000577.jpg,vw-beetle
vw-beetle/00000011.jpeg,vw-beetle
vw-beetle/00000315.jpg,vw-beetle
vw-beetle/00000629.jpg,vw-beetle
vw-beetle/00000051.jpg,vw-beetle
vw-beetle/00000581.jpg,vw-beetle
vw-beetle/00000617.jpg,vw-beetle
vw-beetle/00000653.jpg,vw-beetle
vw-beetle/00000615.jpg,vw-beetle
vw-beetle/00000393.jpg,vw-beetle
vw-beetle/00000539.jpg,vw-beetle
vw-beetle/00000255.jpg,vw-beetle
vw-beetle/00000569.jpg,vw-beetle
vw-beetle/00000467.jpg,vw-beetle
vw-beetle/00000389.jpg,vw-beetle
vw-beetle/00000565.jpg,vw-beetle
vw-beetle/00000133.jpg,vw-beetle
vw-beetle/00000242.jpg,vw-beetle
vw-beetle/00000347.jpg,vw-beetle
vw-beetle/00000214.jpg,vw-beetle
vw-beetle/00000443.jpg,vw-beetle
vw-beetle/00000721.jpg,vw-beetle
vw-beetle/00000071.jpg,vw-beetle
vw-beetle/00000097.jpg,vw-beetle
vw-beetle/00000717.jpg,vw-beetle
vw-beetle/00000085.jpg,vw-beetle
vw-beetle/00000053.jpg,vw-beetle
vw-beetle/00000669.jpg,vw-beetle
vw-beetle/00000420.jpg,vw-beetle
vw-beetle/00000472.jpg,vw-beetle
vw-beetle/00000340.jpg,vw-beetle
vw-beetle/00000745.jpg,vw-beetle
vw-beetle/00000102.jpg,vw-beetle
vw-beetle/00000193.jpg,vw-beetle
vw-beetle/00000126.jpg,vw-beetle
vw-beetle/00000040.jpg,vw-beetle
vw-beetle/00000733.jpg,vw-beetle
vw-beetle/00000352.jpg,vw-beetle
vw-beetle/00000195.jpg,vw-beetle
vw-beetle/00000716.JPG,vw-beetle
vw-beetle/00000179.jpg,vw-beetle
vw-beetle/00000349.jpg,vw-beetle
vw-beetle/00000587.jpg,vw-beetle
vw-beetle/00000746.jpg,vw-beetle
vw-beetle/00000163.jpg,vw-beetle
vw-beetle/00000511.JPG,vw-beetle
vw-beetle/00000002.jpg,vw-beetle
vw-beetle/00000156.jpg,vw-beetle
vw-beetle/00000034.jpg,vw-beetle
vw-beetle/00000436.jpg,vw-beetle
vw-beetle/00000548.jpg,vw-beetle
vw-beetle/00000659.jpg,vw-beetle
vw-beetle/00000110.jpg,vw-beetle
vw-beetle/00000512.jpg,vw-beetle
vw-beetle/00000136.jpg,vw-beetle
vw-beetle/00000096.jpg,vw-beetle
vw-beetle/00000469.jpg,vw-beetle
vw-beetle/00000345.jpg,vw-beetle
vw-beetle/00000698.jpg,vw-beetle
vw-beetle/00000106.jpg,vw-beetle
vw-beetle/00000715.jpg,vw-beetle
vw-beetle/00000516.jpg,vw-beetle
vw-beetle/00000062.jpg,vw-beetle
vw-beetle/00000079.jpg,vw-beetle
vw-beetle/00000401.jpg,vw-beetle
vw-beetle/00000341.jpg,vw-beetle
vw-beetle/00000407.jpg,vw-beetle
vw-beetle/00000060.jpg,vw-beetle
vw-beetle/00000566.jpg,vw-beetle
vw-beetle/00000502.jpg,vw-beetle
vw-beetle/00000377.jpg,vw-beetle
vw-beetle/00000736.jpg,vw-beetle
vw-beetle/00000655.jpg,vw-beetle
vw-beetle/00000186.jpg,vw-beetle
vw-beetle/00000189.jpg,vw-beetle
vw-beetle/00000237.jpg,vw-beetle
vw-beetle/00000381.jpg,vw-beetle
vw-beetle/00000320.jpg,vw-beetle
vw-beetle/00000172.jpg,vw-beetle
vw-beetle/00000278.jpg,vw-beetle
vw-beetle/00000113.jpg,vw-beetle
vw-beetle/00000418.jpg,vw-beetle
vw-beetle/00000116.jpg,vw-beetle
vw-beetle/00000367.jpg,vw-beetle
vw-beetle/00000283.jpg,vw-beetle
vw-beetle/00000165.jpg,vw-beetle
vw-beetle/00000405.jpg,vw-beetle
vw-beetle/00000111.jpg,vw-beetle
vw-beetle/00000701.jpg,vw-beetle
vw-beetle/00000226.jpg,vw-beetle
vw-beetle/00000308.JPG,vw-beetle
vw-beetle/00000220.jpg,vw-beetle
vw-beetle/00000524.jpg,vw-beetle
vw-beetle/00000567.jpg,vw-beetle
vw-beetle/00000475.jpg,vw-beetle
vw-beetle/00000293.jpg,vw-beetle
vw-beetle/00000285.jpg,vw-beetle
vw-beetle/00000032.jpg,vw-beetle
vw-beetle/00000492.jpg,vw-beetle
vw-beetle/00000520.jpg,vw-beetle
vw-beetle/00000597.jpg,vw-beetle
vw-beetle/00000253.jpg,vw-beetle
vw-beetle/00000152.jpg,vw-beetle
vw-beetle/00000424.jpg,vw-beetle
vw-beetle/00000397.jpg,vw-beetle
vw-beetle/00000594.jpg,vw-beetle
vw-beetle/00000399.jpg,vw-beetle
vw-beetle/00000287.jpg,vw-beetle
vw-beetle/00000268.jpg,vw-beetle
vw-beetle/00000067.jpg,vw-beetle
vw-beetle/00000461.jpg,vw-beetle
vw-beetle/00000089.jpg,vw-beetle
vw-beetle/00000337.jpg,vw-beetle
vw-beetle/00000593.jpg,vw-beetle
vw-beetle/00000026.jpg,vw-beetle
vw-beetle/00000033.jpg,vw-beetle
vw-beetle/00000039.jpeg,vw-beetle
vw-beetle/00000533.jpg,vw-beetle
vw-beetle/00000206.jpg,vw-beetle
vw-beetle/00000212.jpg,vw-beetle
vw-beetle/00000368.jpg,vw-beetle
vw-beetle/00000121.jpg,vw-beetle
vw-beetle/00000503.jpg,vw-beetle
vw-beetle/00000444.jpg,vw-beetle
vw-beetle/00000313.jpg,vw-beetle
vw-beetle/00000312.jpg,vw-beetle
vw-beetle/00000470.jpg,vw-beetle
vw-beetle/00000476.png,vw-beetle
vw-beetle/00000012.jpg,vw-beetle
vw-beetle/00000091.jpg,vw-beetle
vw-beetle/00000158.jpg,vw-beetle
vw-beetle/00000404.jpg,vw-beetle
vw-beetle/00000359.jpg,vw-beetle
vw-beetle/00000275.jpg,vw-beetle
vw-beetle/00000432.jpg,vw-beetle
vw-beetle/00000489.jpg,vw-beetle
vw-beetle/00000409.jpg,vw-beetle
vw-beetle/00000149.jpg,vw-beetle
vw-beetle/00000258.jpg,vw-beetle
vw-beetle/00000544.jpg,vw-beetle
vw-beetle/00000550.jpg,vw-beetle
vw-beetle/00000101.jpg,vw-beetle
vw-beetle/00000354.jpg,vw-beetle
vw-beetle/00000654.jpg,vw-beetle
vw-beetle/00000270.jpg,vw-beetle
vw-beetle/00000705.jpg,vw-beetle
vw-beetle/00000658.jpg,vw-beetle
vw-beetle/00000499.jpg,vw-beetle
vw-beetle/00000551.jpg,vw-beetle
vw-beetle/00000166.jpg,vw-beetle
vw-beetle/00000016.jpg,vw-beetle
vw-beetle/00000363.jpg,vw-beetle
vw-beetle/00000738.jpg,vw-beetle
vw-beetle/00000543.jpg,vw-beetle
vw-beetle/00000297.jpg,vw-beetle
vw-beetle/00000298.jpg,vw-beetle
vw-beetle/00000691.jpg,vw-beetle
vw-beetle/00000058.jpg,vw-beetle
vw-beetle/00000168.jpg,vw-beetle
vw-beetle/00000025.jpg,vw-beetle
vw-beetle/00000086.jpg,vw-beetle
vw-beetle/00000235.jpg,vw-beetle
vw-beetle/00000325.png,vw-beetle
vw-beetle/00000217.jpg,vw-beetle
vw-beetle/00000213.jpg,vw-beetle
vw-beetle/00000624.JPG,vw-beetle
vw-beetle/00000164.jpg,vw-beetle
vw-beetle/00000198.jpg,vw-beetle
vw-beetle/00000037.jpg,vw-beetle
vw-beetle/00000292.jpg,vw-beetle
vw-beetle/00000523.jpg,vw-beetle
vw-beetle/00000196.jpg,vw-beetle
vw-beetle/00000014.jpg,vw-beetle
vw-beetle/00000264.jpg,vw-beetle
vw-beetle/00000150.jpg,vw-beetle
vw-beetle/00000049.jpg,vw-beetle
vw-beetle/00000300.JPG,vw-beetle
vw-beetle/00000449.JPG,vw-beetle
vw-beetle/00000712.jpg,vw-beetle
vw-beetle/00000154.jpg,vw-beetle
vw-beetle/00000338.jpg,vw-beetle
vw-beetle/00000485.jpg,vw-beetle
vw-beetle/00000306.jpg,vw-beetle
vw-beetle/00000191.jpg,vw-beetle
vw-beetle/00000225.jpg,vw-beetle
vw-beetle/00000304.jpg,vw-beetle
vw-beetle/00000431.jpg,vw-beetle
vw-beetle/00000134.jpg,vw-beetle
vw-beetle/00000497.jpg,vw-beetle
vw-beetle/00000330.jpg,vw-beetle
vw-beetle/00000331.jpg,vw-beetle
vw-beetle/00000240.jpg,vw-beetle
vw-beetle/00000612.jpg,vw-beetle
vw-beetle/00000583.jpg,vw-beetle
vw-beetle/00000412.jpg,vw-beetle
vw-beetle/00000329.jpg,vw-beetle
vw-beetle/00000307.jpg,vw-beetle
vw-beetle/00000604.jpg,vw-beetle
vw-beetle/00000216.jpg,vw-beetle
vw-beetle/00000008.jpg,vw-beetle
vw-beetle/00000043.jpg,vw-beetle
vw-beetle/00000414.jpg,vw-beetle
vw-beetle/00000094.jpg,vw-beetle
vw-beetle/00000465.jpg,vw-beetle
vw-beetle/00000370.jpeg,vw-beetle
vw-beetle/00000674.jpg,vw-beetle
vw-beetle/00000061.JPG,vw-beetle
vw-beetle/00000295.jpg,vw-beetle
vw-beetle/00000042.jpg,vw-beetle
vw-beetle/00000557.jpg,vw-beetle
vw-beetle/00000371.jpg,vw-beetle
vw-beetle/00000344.jpg,vw-beetle
vw-beetle/00000238.jpg,vw-beetle
vw-beetle/00000392.jpg,vw-beetle
vw-beetle/00000662.jpg,vw-beetle
vw-beetle/00000218.jpg,vw-beetle
vw-beetle/00000125.jpg,vw-beetle
vw-beetle/00000000.JPG,vw-beetle
vw-beetle/00000303.jpg,vw-beetle
vw-beetle/00000538.jpg,vw-beetle
vw-beetle/00000030.jpg,vw-beetle
vw-beetle/00000119.jpg,vw-beetle
vw-beetle/00000020.jpg,vw-beetle
vw-beetle/00000454.JPG,vw-beetle
vw-beetle/00000747.jpg,vw-beetle
vw-beetle/00000726.jpg,vw-beetle
vw-beetle/00000144.jpg,vw-beetle
vw-beetle/00000725.jpg,vw-beetle
vw-beetle/00000694.jpg,vw-beetle
vw-beetle/00000083.png,vw-beetle
vw-beetle/00000411.jpg,vw-beetle
vw-beetle/00000430.jpg,vw-beetle
vw-beetle/00000425.jpg,vw-beetle
vw-beetle/00000358.jpg,vw-beetle
vw-beetle/00000564.jpg,vw-beetle
vw-beetle/00000013.jpg,vw-beetle
vw-beetle/00000628.jpg,vw-beetle
vw-beetle/00000692.jpg,vw-beetle
vw-beetle/00000510.jpg,vw-beetle
vw-beetle/00000742.jpg,vw-beetle
vw-beetle/00000439.jpg,vw-beetle
vw-beetle/00000038.jpg,vw-beetle
vw-beetle/00000184.jpg,vw-beetle
vw-beetle/00000108.jpg,vw-beetle
vw-beetle/00000073.jpg,vw-beetle
vw-beetle/00000560.jpg,vw-beetle
vw-beetle/00000044.jpg,vw-beetle
vw-beetle/00000517.JPG,vw-beetle
vw-beetle/00000321.jpg,vw-beetle
vw-beetle/00000466.jpg,vw-beetle
vw-beetle/00000678.jpg,vw-beetle
vw-beetle/00000369.jpg,vw-beetle
vw-beetle/00000748.jpg,vw-beetle
vw-beetle/00000098.jpg,vw-beetle
vw-beetle/00000228.jpg,vw-beetle
vw-beetle/00000080.jpg,vw-beetle
vw-beetle/00000652.JPG,vw-beetle
vw-beetle/00000221.jpg,vw-beetle
vw-beetle/00000059.jpg,vw-beetle
vw-beetle/00000233.jpg,vw-beetle
vw-beetle/00000128.jpg,vw-beetle
vw-beetle/00000280.jpg,vw-beetle
vw-beetle/00000390.jpg,vw-beetle
vw-beetle/00000602.jpg,vw-beetle
vw-beetle/00000387.jpg,vw-beetle
vw-beetle/00000279.jpg,vw-beetle
vw-beetle/00000282.jpg,vw-beetle
vw-beetle/00000536.jpg,vw-beetle
vw-beetle/00000519.jpg,vw-beetle
vw-beetle/00000117.jpg,vw-beetle
vw-beetle/00000157.jpg,vw-beetle
vw-beetle/00000017.jpg,vw-beetle
vw-beetle/00000070.jpg,vw-beetle
vw-beetle/00000245.jpg,vw-beetle
vw-beetle/00000140.jpg,vw-beetle
vw-beetle/00000224.jpg,vw-beetle
vw-beetle/00000528.jpg,vw-beetle
vw-beetle/00000036.jpg,vw-beetle
vw-beetle/00000274.jpg,vw-beetle
vw-beetle/00000334.jpg,vw-beetle
vw-beetle/00000105.jpg,vw-beetle
vw-beetle/00000257.jpg,vw-beetle
vw-beetle/00000640.jpg,vw-beetle
vw-beetle/00000529.jpg,vw-beetle
vw-beetle/00000422.jpg,vw-beetle
vw-beetle/00000521.jpg,vw-beetle
vw-beetle/00000625.jpg,vw-beetle
vw-beetle/00000023.jpg,vw-beetle
vw-beetle/00000244.jpg,vw-beetle
citroen-2cv/00000143.jpg,citroen-2cv
citroen-2cv/00000300.jpg,citroen-2cv
citroen-2cv/00000081.jpg,vw-beetle
citroen-2cv/00000305.jpg,citroen-2cv
citroen-2cv/00000099.jpg,citroen-2cv
citroen-2cv/00000102.png,citroen-2cv
citroen-2cv/00000406.jpg,citroen-2cv
citroen-2cv/00000239.jpg,citroen-2cv
citroen-2cv/00000074.jpg,citroen-2cv
citroen-2cv/00000513.jpg,citroen-2cv
citroen-2cv/00000556.jpg,citroen-2cv
citroen-2cv/00000651.jpg,citroen-2cv
citroen-2cv/00000254.jpg,citroen-2cv
citroen-2cv/00000384.jpg,citroen-2cv
citroen-2cv/00000022.jpg,citroen-2cv
citroen-2cv/00000107.jpg,citroen-2cv
citroen-2cv/00000383.jpg,citroen-2cv
citroen-2cv/00000514.jpg,citroen-2cv
citroen-2cv/00000326.jpg,citroen-2cv
citroen-2cv/00000416.jpg,citroen-2cv
citroen-2cv/00000546.JPG,citroen-2cv
citroen-2cv/00000088.jpg,citroen-2cv
citroen-2cv/00000260.jpg,citroen-2cv
citroen-2cv/00000266.jpg,citroen-2cv
citroen-2cv/00000052.jpg,citroen-2cv
citroen-2cv/00000464.jpg,citroen-2cv
citroen-2cv/00000215.jpg,citroen-2cv
citroen-2cv/00000355.jpg,citroen-2cv
citroen-2cv/00000446.jpg,citroen-2cv
citroen-2cv/00000007.jpg,citroen-2cv
citroen-2cv/00000141.jpg,citroen-2cv
citroen-2cv/00000122.jpg,citroen-2cv
citroen-2cv/00000104.jpg,citroen-2cv
citroen-2cv/00000622.jpg,citroen-2cv
citroen-2cv/00000199.jpg,citroen-2cv
citroen-2cv/00000455.jpg,citroen-2cv
citroen-2cv/00000584.jpg,citroen-2cv
citroen-2cv/00000549.jpg,citroen-2cv
citroen-2cv/00000639.jpg,citroen-2cv
citroen-2cv/00000155.jpg,citroen-2cv
citroen-2cv/00000177.jpg,citroen-2cv
citroen-2cv/00000047.jpg,citroen-2cv
citroen-2cv/00000056.png,citroen-2cv
citroen-2cv/00000077.jpg,citroen-2cv
citroen-2cv/00000374.jpg,citroen-2cv
citroen-2cv/00000438.jpg,citroen-2cv
citroen-2cv/00000006.jpg,vw-beetle
citroen-2cv/00000663.jpg,citroen-2cv
citroen-2cv/00000200.jpg,citroen-2cv
citroen-2cv/00000132.jpg,citroen-2cv
citroen-2cv/00000222.jpg,citroen-2cv
citroen-2cv/00000595.jpg,citroen-2cv
citroen-2cv/00000010.jpg,citroen-2cv
citroen-2cv/00000448.jpg,citroen-2cv
citroen-2cv/00000185.jpg,citroen-2cv
citroen-2cv/00000598.jpg,citroen-2cv
citroen-2cv/00000402.jpg,citroen-2cv
citroen-2cv/00000537.jpg,citroen-2cv
citroen-2cv/00000421.jpg,citroen-2cv
citroen-2cv/00000487.jpg,citroen-2cv
citroen-2cv/00000616.jpg,citroen-2cv
citroen-2cv/00000610.jpg,citroen-2cv
citroen-2cv/00000451.jpg,citroen-2cv
citroen-2cv/00000525.jpg,citroen-2cv
citroen-2cv/00000385.jpg,citroen-2cv
citroen-2cv/00000256.jpg,citroen-2cv
citroen-2cv/00000068.jpg,citroen-2cv
citroen-2cv/00000190.jpg,citroen-2cv
citroen-2cv/00000362.jpg,citroen-2cv
citroen-2cv/00000645.jpg,citroen-2cv
citroen-2cv/00000103.jpg,citroen-2cv
citroen-2cv/00000175.jpg,citroen-2cv
citroen-2cv/00000064.jpg,citroen-2cv
citroen-2cv/00000228.JPG,citroen-2cv
citroen-2cv/00000271.jpg,citroen-2cv
citroen-2cv/00000419.jpg,citroen-2cv
citroen-2cv/00000210.jpg,citroen-2cv
citroen-2cv/00000145.jpg,citroen-2cv
citroen-2cv/00000148.png,citroen-2cv
citroen-2cv/00000263.jpg,citroen-2cv
citroen-2cv/00000452.jpg,citroen-2cv
citroen-2cv/00000656.jpg,citroen-2cv
citroen-2cv/00000442.jpg,citroen-2cv
citroen-2cv/00000376.jpg,citroen-2cv
citroen-2cv/00000046.jpg,vw-beetle
citroen-2cv/00000437.jpg,citroen-2cv
citroen-2cv/00000178.jpg,citroen-2cv
citroen-2cv/00000315.jpg,citroen-2cv
citroen-2cv/00000295.JPG,citroen-2cv
citroen-2cv/00000531.jpg,citroen-2cv
citroen-2cv/00000320.png,citroen-2cv
citroen-2cv/00000581.jpg,citroen-2cv
citroen-2cv/00000617.jpg,citroen-2cv
citroen-2cv/00000454.jpg,citroen-2cv
citroen-2cv/00000615.jpg,citroen-2cv
citroen-2cv/00000393.jpg,citroen-2cv
citroen-2cv/00000486.jpg,citroen-2cv
citroen-2cv/00000569.jpg,citroen-2cv
citroen-2cv/00000467.jpg,citroen-2cv
citroen-2cv/00000389.jpg,citroen-2cv
citroen-2cv/00000410.jpg,citroen-2cv
citroen-2cv/00000565.jpg,citroen-2cv
citroen-2cv/00000133.jpg,citroen-2cv
citroen-2cv/00000112.jpg,citroen-2cv
citroen-2cv/00000162.jpg,citroen-2cv
citroen-2cv/00000347.jpg,citroen-2cv
citroen-2cv/00000214.jpg,citroen-2cv
citroen-2cv/00000443.jpg,citroen-2cv
citroen-2cv/00000542.jpg,citroen-2cv
citroen-2cv/00000398.jpg,citroen-2cv
citroen-2cv/00000284.jpg,citroen-2cv
citroen-2cv/00000453.jpg,citroen-2cv
citroen-2cv/00000667.jpg,citroen-2cv
citroen-2cv/00000286.jpg,citroen-2cv
citroen-2cv/00000644.jpg,citroen-2cv
citroen-2cv/00000071.jpg,citroen-2cv
citroen-2cv/00000562.jpg,citroen-2cv
citroen-2cv/00000053.jpg,vw-beetle
citroen-2cv/00000669.jpg,citroen-2cv
citroen-2cv/00000511.jpg,citroen-2cv
citroen-2cv/00000143.JPG,vw-beetle
citroen-2cv/00000340.jpg,citroen-2cv
citroen-2cv/00000366.jpeg,citroen-2cv
citroen-2cv/00000033.JPG,citroen-2cv
citroen-2cv/00000095.jpg,vw-beetle
citroen-2cv/00000102.jpg,vw-beetle
citroen-2cv/00000120.jpg,citroen-2cv
citroen-2cv/00000193.jpg,citroen-2cv
citroen-2cv/00000490.jpg,citroen-2cv
citroen-2cv/00000040.jpg,citroen-2cv
citroen-2cv/00000195.jpg,citroen-2cv
citroen-2cv/00000230.jpg,citroen-2cv
citroen-2cv/00000179.jpg,citroen-2cv
citroen-2cv/00000349.jpg,citroen-2cv
citroen-2cv/00000395.jpg,citroen-2cv
citroen-2cv/00000163.jpg,citroen-2cv
citroen-2cv/00000002.jpg,citroen-2cv
citroen-2cv/00000483.jpg,citroen-2cv
citroen-2cv/00000436.jpg,citroen-2cv
citroen-2cv/00000548.jpg,citroen-2cv
citroen-2cv/00000659.jpg,citroen-2cv
citroen-2cv/00000110.jpg,citroen-2cv
citroen-2cv/00000589.jpg,citroen-2cv
citroen-2cv/00000248.jpg,citroen-2cv
citroen-2cv/00000408.jpg,citroen-2cv
citroen-2cv/00000353.jpeg,citroen-2cv
citroen-2cv/00000136.jpg,citroen-2cv
citroen-2cv/00000056.jpg,citroen-2cv
citroen-2cv/00000035.jpg,citroen-2cv
citroen-2cv/00000096.jpg,citroen-2cv
citroen-2cv/00000469.jpg,citroen-2cv
citroen-2cv/00000345.jpg,citroen-2cv
citroen-2cv/00000106.jpg,citroen-2cv
citroen-2cv/00000267.jpg,citroen-2cv
citroen-2cv/00000547.jpg,citroen-2cv
citroen-2cv/00000227.jpg,citroen-2cv
citroen-2cv/00000479.jpg,citroen-2cv
citroen-2cv/00000243.jpg,citroen-2cv
citroen-2cv/00000062.jpg,citroen-2cv
citroen-2cv/00000079.jpg,citroen-2cv
citroen-2cv/00000401.jpg,citroen-2cv
citroen-2cv/00000624.jpg,citroen-2cv
citroen-2cv/00000661.jpg,citroen-2cv
citroen-2cv/00000561.jpg,citroen-2cv
citroen-2cv/00000249.jpg,citroen-2cv
citroen-2cv/00000365.jpg,citroen-2cv
citroen-2cv/00000407.jpg,citroen-2cv
citroen-2cv/00000060.jpg,citroen-2cv
citroen-2cv/00000566.jpg,citroen-2cv
citroen-2cv/00000611.jpg,citroen-2cv
citroen-2cv/00000057.jpg,citroen-2cv
citroen-2cv/00000176.jpg,citroen-2cv
citroen-2cv/00000147.jpg,citroen-2cv
citroen-2cv/00000632.jpg,citroen-2cv
citroen-2cv/00000186.jpg,citroen-2cv
citroen-2cv/00000123.jpg,citroen-2cv
citroen-2cv/00000335.jpg,citroen-2cv
citroen-2cv/00000319.jpg,citroen-2cv
citroen-2cv/00000189.jpg,citroen-2cv
citroen-2cv/00000237.jpg,citroen-2cv
citroen-2cv/00000328.jpg,citroen-2cv
citroen-2cv/00000288.jpg,citroen-2cv
citroen-2cv/00000113.jpg,citroen-2cv
citroen-2cv/00000418.jpg,citroen-2cv
citroen-2cv/00000231.jpg,citroen-2cv
citroen-2cv/00000367.jpg,citroen-2cv
citroen-2cv/00000003.jpg,citroen-2cv
citroen-2cv/00000165.jpg,citroen-2cv
citroen-2cv/00000405.jpg,citroen-2cv
citroen-2cv/00000111.jpg,citroen-2cv
citroen-2cv/00000171.jpg,citroen-2cv
citroen-2cv/00000515.jpeg,citroen-2cv
citroen-2cv/00000642.jpg,citroen-2cv
citroen-2cv/00000567.jpg,citroen-2cv
citroen-2cv/00000668.jpg,citroen-2cv
citroen-2cv/00000293.jpg,citroen-2cv
citroen-2cv/00000517.jpg,citroen-2cv
citroen-2cv/00000032.jpg,vw-beetle
citroen-2cv/00000131.jpg,citroen-2cv
citroen-2cv/00000234.jpg,citroen-2cv
citroen-2cv/00000124.jpg,citroen-2cv
citroen-2cv/00000273.jpg,citroen-2cv
citroen-2cv/00000262.JPG,citroen-2cv
citroen-2cv/00000520.jpg,citroen-2cv
citroen-2cv/00000491.jpg,citroen-2cv
citroen-2cv/00000597.jpg,citroen-2cv
citroen-2cv/00000072.jpg,citroen-2cv
citroen-2cv/00000253.jpg,citroen-2cv
citroen-2cv/00000413.jpg,citroen-2cv
citroen-2cv/00000146.jpg,citroen-2cv
citroen-2cv/00000296.jpg,citroen-2cv
citroen-2cv/00000194.jpg,citroen-2cv
citroen-2cv/00000152.jpg,citroen-2cv
citroen-2cv/00000241.jpg,citroen-2cv
citroen-2cv/00000217.JPG,citroen-2cv
citroen-2cv/00000397.jpg,citroen-2cv
citroen-2cv/00000650.jpg,citroen-2cv
citroen-2cv/00000287.jpg,citroen-2cv
citroen-2cv/00000268.jpg,citroen-2cv
citroen-2cv/00000067.jpg,citroen-2cv
citroen-2cv/00000089.jpg,citroen-2cv
citroen-2cv/00000018.jpg,citroen-2cv
citroen-2cv/00000337.jpg,citroen-2cv
citroen-2cv/00000593.jpg,citroen-2cv
citroen-2cv/00000026.jpg,citroen-2cv
citroen-2cv/00000033.jpg,vw-beetle
citroen-2cv/00000533.jpg,citroen-2cv
citroen-2cv/00000212.jpg,citroen-2cv
citroen-2cv/00000161.jpg,citroen-2cv
citroen-2cv/00000356.jpg,citroen-2cv
citroen-2cv/00000444.jpg,citroen-2cv
citroen-2cv/00000313.jpg,citroen-2cv
citroen-2cv/00000613.JPG,citroen-2cv
citroen-2cv/00000600.jpg,citroen-2cv
citroen-2cv/00000012.jpg,citroen-2cv
citroen-2cv/00000626.jpg,citroen-2cv
citroen-2cv/00000091.jpg,citroen-2cv
citroen-2cv/00000006.png,citroen-2cv
citroen-2cv/00000209.jpg,citroen-2cv
citroen-2cv/00000158.jpg,citroen-2cv
citroen-2cv/00000657.jpg,citroen-2cv
citroen-2cv/00000404.jpg,citroen-2cv
citroen-2cv/00000009.jpg,citroen-2cv
citroen-2cv/00000275.jpg,citroen-2cv
citroen-2cv/00000432.jpg,citroen-2cv
citroen-2cv/00000423.jpg,citroen-2cv
citroen-2cv/00000135.jpg,citroen-2cv
citroen-2cv/00000409.jpg,renault-4gtl
citroen-2cv/00000149.jpg,citroen-2cv
citroen-2cv/00000173.JPG,citroen-2cv
citroen-2cv/00000093.jpg,citroen-2cv
citroen-2cv/00000544.jpg,citroen-2cv
citroen-2cv/00000550.jpg,citroen-2cv
citroen-2cv/00000318.jpg,citroen-2cv
citroen-2cv/00000532.jpg,citroen-2cv
citroen-2cv/00000188.jpg,citroen-2cv
citroen-2cv/00000101.jpg,citroen-2cv
citroen-2cv/00000354.jpg,citroen-2cv
citroen-2cv/00000270.jpg,citroen-2cv
citroen-2cv/00000658.jpg,citroen-2cv
citroen-2cv/00000350.jpg,citroen-2cv
citroen-2cv/00000137.JPG,citroen-2cv
citroen-2cv/00000499.jpg,citroen-2cv
citroen-2cv/00000269.jpg,citroen-2cv
citroen-2cv/00000204.jpg,citroen-2cv
citroen-2cv/00000016.jpg,citroen-2cv
citroen-2cv/00000478.jpg,citroen-2cv
citroen-2cv/00000603.jpg,citroen-2cv
citroen-2cv/00000297.jpg,citroen-2cv
citroen-2cv/00000024.jpg,citroen-2cv
citroen-2cv/00000298.jpg,citroen-2cv
citroen-2cv/00000631.jpg,citroen-2cv
citroen-2cv/00000223.jpg,citroen-2cv
citroen-2cv/00000170.png,citroen-2cv
citroen-2cv/00000058.jpg,citroen-2cv
citroen-2cv/00000236.jpg,citroen-2cv
citroen-2cv/00000677.jpg,citroen-2cv
citroen-2cv/00000086.jpg,citroen-2cv
citroen-2cv/00000235.jpg,citroen-2cv
citroen-2cv/00000066.jpg,citroen-2cv
citroen-2cv/00000471.jpg,citroen-2cv
citroen-2cv/00000555.jpg,citroen-2cv
citroen-2cv/00000048.jpg,citroen-2cv
citroen-2cv/00000606.jpg,citroen-2cv
citroen-2cv/00000164.jpg,citroen-2cv
citroen-2cv/00000198.jpg,citroen-2cv
citroen-2cv/00000346.jpg,citroen-2cv
citroen-2cv/00000037.jpg,citroen-2cv
citroen-2cv/00000292.jpg,citroen-2cv
citroen-2cv/00000523.jpg,citroen-2cv
citroen-2cv/00000594.JPG,citroen-2cv
citroen-2cv/00000196.jpg,citroen-2cv
citroen-2cv/00000014.jpg,vw-beetle
citroen-2cv/00000264.jpg,citroen-2cv
citroen-2cv/00000151.jpeg,citroen-2cv
citroen-2cv/00000150.jpg,citroen-2cv
citroen-2cv/00000154.jpg,citroen-2cv
citroen-2cv/00000450.jpg,citroen-2cv
citroen-2cv/00000338.jpg,citroen-2cv
citroen-2cv/00000306.jpg,citroen-2cv
citroen-2cv/00000225.jpg,citroen-2cv
citroen-2cv/00000304.jpg,citroen-2cv
citroen-2cv/00000197.jpg,citroen-2cv
citroen-2cv/00000431.jpg,citroen-2cv
citroen-2cv/00000134.jpg,citroen-2cv
citroen-2cv/00000591.jpg,citroen-2cv
citroen-2cv/00000129.jpg,citroen-2cv
citroen-2cv/00000348.jpeg,citroen-2cv
citroen-2cv/00000331.jpg,citroen-2cv
citroen-2cv/00000240.jpg,citroen-2cv
citroen-2cv/00000412.jpg,citroen-2cv
citroen-2cv/00000588.jpg,citroen-2cv
citroen-2cv/00000314.jpg,citroen-2cv
citroen-2cv/00000039.jpg,citroen-2cv
citroen-2cv/00000216.jpg,citroen-2cv
citroen-2cv/00000041.jpg,citroen-2cv
citroen-2cv/00000553.jpg,citroen-2cv
citroen-2cv/00000641.jpg,citroen-2cv
citroen-2cv/00000502.JPG,citroen-2cv
citroen-2cv/00000008.jpg,citroen-2cv
citroen-2cv/00000465.jpg,citroen-2cv
citroen-2cv/00000341.png,citroen-2cv
citroen-2cv/00000370.jpeg,citroen-2cv
citroen-2cv/00000061.JPG,citroen-2cv
citroen-2cv/00000527.jpg,citroen-2cv
citroen-2cv/00000643.jpg,citroen-2cv
citroen-2cv/00000652.jpg,citroen-2cv
citroen-2cv/00000530.jpg,citroen-2cv
citroen-2cv/00000332.jpg,citroen-2cv
citroen-2cv/00000137.jpg,vw-beetle
citroen-2cv/00000181.jpg,citroen-2cv
citroen-2cv/00000371.jpg,citroen-2cv
citroen-2cv/00000646.JPG,citroen-2cv
citroen-2cv/00000109.png,citroen-2cv
citroen-2cv/00000218.jpg,citroen-2cv
citroen-2cv/00000494.jpg,citroen-2cv
citroen-2cv/00000391.jpg,citroen-2cv
citroen-2cv/00000247.jpg,citroen-2cv
citroen-2cv/00000000.JPG,citroen-2cv
citroen-2cv/00000303.jpg,citroen-2cv
citroen-2cv/00000634.jpg,citroen-2cv
citroen-2cv/00000310.jpg,citroen-2cv
citroen-2cv/00000538.jpg,citroen-2cv
citroen-2cv/00000289.jpg,citroen-2cv
citroen-2cv/00000119.jpg,citroen-2cv
citroen-2cv/00000357.jpg,citroen-2cv
citroen-2cv/00000083.png,vw-beetle
citroen-2cv/00000261.jpg,citroen-2cv
citroen-2cv/00000411.jpg,citroen-2cv
citroen-2cv/00000434.jpg,citroen-2cv
citroen-2cv/00000433.png,citroen-2cv
citroen-2cv/00000430.jpg,citroen-2cv
citroen-2cv/00000403.jpg,citroen-2cv
citroen-2cv/00000358.jpg,citroen-2cv
citroen-2cv/00000013.jpg,citroen-2cv
citroen-2cv/00000488.jpg,citroen-2cv
citroen-2cv/00000510.jpg,citroen-2cv
citroen-2cv/00000038.jpg,citroen-2cv
citroen-2cv/00000648.jpg,citroen-2cv
citroen-2cv/00000061.jpg,citroen-2cv
citroen-2cv/00000108.jpg,citroen-2cv
citroen-2cv/00000081.jpeg,citroen-2cv
citroen-2cv/00000459.jpeg,citroen-2cv
citroen-2cv/00000351.jpg,citroen-2cv
citroen-2cv/00000570.jpg,citroen-2cv
citroen-2cv/00000372.jpg,citroen-2cv
citroen-2cv/00000466.jpg,citroen-2cv
citroen-2cv/00000369.jpg,citroen-2cv
citroen-2cv/00000098.jpg,citroen-2cv
citroen-2cv/00000573.jpg,citroen-2cv
citroen-2cv/00000294.jpg,citroen-2cv
citroen-2cv/00000221.jpg,citroen-2cv
citroen-2cv/00000242.JPG,citroen-2cv
citroen-2cv/00000233.jpg,citroen-2cv
citroen-2cv/00000128.jpg,citroen-2cv
citroen-2cv/00000280.jpg,citroen-2cv
citroen-2cv/00000670.jpg,citroen-2cv
citroen-2cv/00000387.jpg,citroen-2cv
citroen-2cv/00000534.jpg,citroen-2cv
citroen-2cv/00000115.jpg,vw-beetle
citroen-2cv/00000375.jpg,citroen-2cv
citroen-2cv/00000117.jpg,citroen-2cv
citroen-2cv/00000157.jpg,citroen-2cv
citroen-2cv/00000599.jpg,citroen-2cv
citroen-2cv/00000017.jpg,citroen-2cv
citroen-2cv/00000070.jpg,citroen-2cv
citroen-2cv/00000528.jpg,citroen-2cv
citroen-2cv/00000105.jpg,citroen-2cv
citroen-2cv/00000257.jpg,citroen-2cv
citroen-2cv/00000208.jpg,citroen-2cv
citroen-2cv/00000640.jpg,citroen-2cv
citroen-2cv/00000118.jpg,citroen-2cv
citroen-2cv/00000505.jpg,citroen-2cv
citroen-2cv/00000422.jpg,citroen-2cv
citroen-2cv/00000139.jpg,citroen-2cv
citroen-2cv/00000625.jpg,citroen-2cv
citroen-2cv/00000005.jpg,citroen-2cv
citroen-2cv/00000023.jpg,citroen-2cv
citroen-2cv/00000159.jpg,citroen-2cv
citroen-2cv/00000665.JPG,citroen-2cv
citroen-2cv/00000004.jpg,citroen-2cv
renault-4gtl/00000143.jpg,renault-4gtl
renault-4gtl/00000300.jpg,renault-4gtl
renault-4gtl/00000441.jpg,renault-4gtl
renault-4gtl/00000081.jpg,renault-4gtl
renault-4gtl/00000301.jpg,renault-4gtl
renault-4gtl/00000305.jpg,renault-4gtl
renault-4gtl/00000435.jpg,renault-4gtl
renault-4gtl/00000571.jpg,renault-4gtl
renault-4gtl/00000001.jpg,renault-4gtl
renault-4gtl/00000239.jpg,renault-4gtl
renault-4gtl/00000513.jpg,renault-4gtl
renault-4gtl/00000556.jpg,renault-4gtl
renault-4gtl/00000325.jpg,renault-4gtl
renault-4gtl/00000373.jpg,renault-4gtl
renault-4gtl/00000254.jpg,renault-4gtl
renault-4gtl/00000384.jpg,renault-4gtl
renault-4gtl/00000022.jpg,renault-4gtl
renault-4gtl/00000107.jpg,renault-4gtl
renault-4gtl/00000558.jpg,renault-4gtl
renault-4gtl/00000316.jpg,renault-4gtl
renault-4gtl/00000383.jpg,renault-4gtl
renault-4gtl/00000468.jpg,renault-4gtl
renault-4gtl/00000514.jpg,renault-4gtl
renault-4gtl/00000245.JPG,renault-4gtl
renault-4gtl/00000506.jpg,renault-4gtl
renault-4gtl/00000182.jpg,renault-4gtl
renault-4gtl/00000326.jpg,renault-4gtl
renault-4gtl/00000416.jpg,renault-4gtl
renault-4gtl/00000260.jpg,renault-4gtl
renault-4gtl/00000266.jpg,renault-4gtl
renault-4gtl/00000052.jpg,renault-4gtl
renault-4gtl/00000169.jpg,renault-4gtl
renault-4gtl/00000447.jpg,renault-4gtl
renault-4gtl/00000540.jpg,renault-4gtl
renault-4gtl/00000464.jpg,renault-4gtl
renault-4gtl/00000504.jpg,renault-4gtl
renault-4gtl/00000339.jpg,renault-4gtl
renault-4gtl/00000355.jpg,renault-4gtl
renault-4gtl/00000446.jpg,renault-4gtl
renault-4gtl/00000007.jpg,renault-4gtl
renault-4gtl/00000082.jpg,renault-4gtl
renault-4gtl/00000122.jpg,renault-4gtl
renault-4gtl/00000462.jpg,renault-4gtl
renault-4gtl/00000507.jpg,renault-4gtl
renault-4gtl/00000554.jpg,renault-4gtl
renault-4gtl/00000388.jpg,renault-4gtl
renault-4gtl/00000077.jpg,renault-4gtl
renault-4gtl/00000374.jpg,renault-4gtl
renault-4gtl/00000438.jpg,renault-4gtl
renault-4gtl/00000006.jpg,renault-4gtl
renault-4gtl/00000092.jpg,renault-4gtl
renault-4gtl/00000222.jpg,renault-4gtl
renault-4gtl/00000010.jpg,renault-4gtl
renault-4gtl/00000083.jpg,renault-4gtl
renault-4gtl/00000173.jpg,renault-4gtl
renault-4gtl/00000448.jpg,renault-4gtl
renault-4gtl/00000185.jpg,renault-4gtl
renault-4gtl/00000402.jpg,renault-4gtl
renault-4gtl/00000537.jpg,renault-4gtl
renault-4gtl/00000421.jpg,renault-4gtl
renault-4gtl/00000224.JPG,renault-4gtl
renault-4gtl/00000451.jpg,renault-4gtl
renault-4gtl/00000525.jpg,renault-4gtl
renault-4gtl/00000429.jpg,renault-4gtl
renault-4gtl/00000068.jpg,renault-4gtl
renault-4gtl/00000190.jpg,renault-4gtl
renault-4gtl/00000175.jpg,renault-4gtl
renault-4gtl/00000064.jpg,renault-4gtl
renault-4gtl/00000419.jpg,renault-4gtl
renault-4gtl/00000055.jpg,renault-4gtl
renault-4gtl/00000452.jpg,renault-4gtl
renault-4gtl/00000546.jpg,renault-4gtl
renault-4gtl/00000322.jpg,renault-4gtl
renault-4gtl/00000442.jpg,renault-4gtl
renault-4gtl/00000376.jpg,renault-4gtl
renault-4gtl/00000028.jpg,renault-4gtl
renault-4gtl/00000046.jpg,renault-4gtl
renault-4gtl/00000015.jpg,renault-4gtl
renault-4gtl/00000437.jpg,renault-4gtl
renault-4gtl/00000315.jpg,renault-4gtl
renault-4gtl/00000051.jpg,renault-4gtl
renault-4gtl/00000501.jpg,renault-4gtl
renault-4gtl/00000463.jpg,renault-4gtl
renault-4gtl/00000454.jpg,renault-4gtl
renault-4gtl/00000486.jpg,renault-4gtl
renault-4gtl/00000202.jpg,renault-4gtl
renault-4gtl/00000518.jpg,renault-4gtl
renault-4gtl/00000467.jpg,renault-4gtl
renault-4gtl/00000389.jpg,renault-4gtl
renault-4gtl/00000251.jpg,renault-4gtl
renault-4gtl/00000565.jpg,renault-4gtl
renault-4gtl/00000242.jpg,renault-4gtl
renault-4gtl/00000162.jpg,renault-4gtl
renault-4gtl/00000347.jpg,renault-4gtl
renault-4gtl/00000477.jpg,renault-4gtl
renault-4gtl/00000148.jpg,renault-4gtl
renault-4gtl/00000542.jpg,renault-4gtl
renault-4gtl/00000398.jpg,renault-4gtl
renault-4gtl/00000284.jpg,renault-4gtl
renault-4gtl/00000379.jpg,renault-4gtl
renault-4gtl/00000071.jpg,renault-4gtl
renault-4gtl/00000021.jpg,renault-4gtl
renault-4gtl/00000097.jpg,renault-4gtl
renault-4gtl/00000085.jpg,renault-4gtl
renault-4gtl/00000153.jpg,renault-4gtl
renault-4gtl/00000562.jpg,renault-4gtl
renault-4gtl/00000053.jpg,renault-4gtl
renault-4gtl/00000511.jpg,renault-4gtl
renault-4gtl/00000420.jpg,renault-4gtl
renault-4gtl/00000472.jpg,renault-4gtl
renault-4gtl/00000102.jpg,renault-4gtl
renault-4gtl/00000259.jpg,renault-4gtl
renault-4gtl/00000120.jpg,renault-4gtl
renault-4gtl/00000193.jpg,renault-4gtl
renault-4gtl/00000126.jpg,renault-4gtl
renault-4gtl/00000195.jpg,renault-4gtl
renault-4gtl/00000552.jpg,renault-4gtl
renault-4gtl/00000179.jpg,renault-4gtl
renault-4gtl/00000349.jpg,renault-4gtl
renault-4gtl/00000395.jpg,renault-4gtl
renault-4gtl/00000426.jpg,renault-4gtl
renault-4gtl/00000415.jpg,renault-4gtl
renault-4gtl/00000002.jpg,renault-4gtl
renault-4gtl/00000156.jpg,renault-4gtl
renault-4gtl/00000034.jpg,renault-4gtl
renault-4gtl/00000548.jpg,renault-4gtl
renault-4gtl/00000087.jpg,renault-4gtl
renault-4gtl/00000248.jpg,renault-4gtl
renault-4gtl/00000512.jpg,renault-4gtl
renault-4gtl/00000136.jpg,renault-4gtl
renault-4gtl/00000056.jpg,renault-4gtl
renault-4gtl/00000035.jpg,renault-4gtl
renault-4gtl/00000096.jpg,renault-4gtl
renault-4gtl/00000469.jpg,renault-4gtl
renault-4gtl/00000267.jpg,renault-4gtl
renault-4gtl/00000547.jpg,renault-4gtl
renault-4gtl/00000078.jpg,renault-4gtl
renault-4gtl/00000227.jpg,renault-4gtl
renault-4gtl/00000079.jpg,renault-4gtl
renault-4gtl/00000401.jpg,renault-4gtl
renault-4gtl/00000113.jpeg,renault-4gtl
renault-4gtl/00000341.jpg,renault-4gtl
renault-4gtl/00000353.jpg,renault-4gtl
renault-4gtl/00000561.jpg,renault-4gtl
renault-4gtl/00000249.jpg,renault-4gtl
renault-4gtl/00000309.JPG,renault-4gtl
renault-4gtl/00000060.jpg,renault-4gtl
renault-4gtl/00000460.jpg,renault-4gtl
renault-4gtl/00000502.jpg,renault-4gtl
renault-4gtl/00000377.jpg,renault-4gtl
renault-4gtl/00000176.jpg,renault-4gtl
renault-4gtl/00000147.jpg,renault-4gtl
renault-4gtl/00000440.jpg,renault-4gtl
renault-4gtl/00000335.jpg,renault-4gtl
renault-4gtl/00000319.jpg,renault-4gtl
renault-4gtl/00000189.jpg,renault-4gtl
renault-4gtl/00000237.jpg,renault-4gtl
renault-4gtl/00000294.JPG,renault-4gtl
renault-4gtl/00000172.jpg,renault-4gtl
renault-4gtl/00000288.jpg,renault-4gtl
renault-4gtl/00000278.jpg,renault-4gtl
renault-4gtl/00000418.jpg,renault-4gtl
renault-4gtl/00000116.jpg,renault-4gtl
renault-4gtl/00000231.jpg,renault-4gtl
renault-4gtl/00000367.jpg,renault-4gtl
renault-4gtl/00000240.jpeg,renault-4gtl
renault-4gtl/00000003.jpg,renault-4gtl
renault-4gtl/00000262.jpg,renault-4gtl
renault-4gtl/00000283.jpg,renault-4gtl
renault-4gtl/00000396.jpg,renault-4gtl
renault-4gtl/00000111.jpg,renault-4gtl
renault-4gtl/00000171.jpg,renault-4gtl
renault-4gtl/00000226.jpg,renault-4gtl
renault-4gtl/00000524.jpg,renault-4gtl
renault-4gtl/00000567.jpg,renault-4gtl
renault-4gtl/00000475.jpg,renault-4gtl
renault-4gtl/00000517.jpg,renault-4gtl
renault-4gtl/00000151.jpg,renault-4gtl
renault-4gtl/00000417.jpeg,renault-4gtl
renault-4gtl/00000131.jpg,renault-4gtl
renault-4gtl/00000234.jpg,renault-4gtl
renault-4gtl/00000273.jpg,renault-4gtl
renault-4gtl/00000496.jpg,renault-4gtl
renault-4gtl/00000491.jpg,renault-4gtl
renault-4gtl/00000072.jpg,renault-4gtl
renault-4gtl/00000194.jpg,renault-4gtl
renault-4gtl/00000241.jpg,renault-4gtl
renault-4gtl/00000424.jpg,renault-4gtl
renault-4gtl/00000397.jpg,renault-4gtl
renault-4gtl/00000484.jpg,renault-4gtl
renault-4gtl/00000399.jpg,renault-4gtl
renault-4gtl/00000287.jpg,renault-4gtl
renault-4gtl/00000268.jpg,renault-4gtl
renault-4gtl/00000067.jpg,renault-4gtl
renault-4gtl/00000461.jpg,renault-4gtl
renault-4gtl/00000203.jpg,renault-4gtl
renault-4gtl/00000018.jpg,renault-4gtl
renault-4gtl/00000033.jpg,renault-4gtl
renault-4gtl/00000533.jpg,renault-4gtl
renault-4gtl/00000192.jpg,renault-4gtl
renault-4gtl/00000206.jpg,renault-4gtl
renault-4gtl/00000265.jpg,renault-4gtl
renault-4gtl/00000212.jpg,renault-4gtl
renault-4gtl/00000281.jpg,renault-4gtl
renault-4gtl/00000368.jpg,renault-4gtl
renault-4gtl/00000503.jpg,renault-4gtl
renault-4gtl/00000356.jpg,renault-4gtl
renault-4gtl/00000313.jpg,renault-4gtl
renault-4gtl/00000012.jpg,renault-4gtl
renault-4gtl/00000091.jpg,renault-4gtl
renault-4gtl/00000209.jpg,renault-4gtl
renault-4gtl/00000158.jpg,renault-4gtl
renault-4gtl/00000009.jpg,renault-4gtl
renault-4gtl/00000432.jpg,renault-4gtl
renault-4gtl/00000142.jpg,renault-4gtl
renault-4gtl/00000409.jpg,renault-4gtl
renault-4gtl/00000149.jpg,renault-4gtl
renault-4gtl/00000457.jpg,renault-4gtl
renault-4gtl/00000146.JPG,renault-4gtl
renault-4gtl/00000481.jpg,renault-4gtl
renault-4gtl/00000258.jpg,renault-4gtl
renault-4gtl/00000544.jpg,renault-4gtl
renault-4gtl/00000532.jpg,renault-4gtl
renault-4gtl/00000101.jpg,renault-4gtl
renault-4gtl/00000243.jpeg,renault-4gtl
renault-4gtl/00000354.jpg,renault-4gtl
renault-4gtl/00000270.jpg,renault-4gtl
renault-4gtl/00000378.jpg,renault-4gtl
renault-4gtl/00000166.jpg,renault-4gtl
renault-4gtl/00000016.jpg,renault-4gtl
renault-4gtl/00000363.jpg,renault-4gtl
renault-4gtl/00000000.jpg,renault-4gtl
renault-4gtl/00000298.jpg,renault-4gtl
renault-4gtl/00000223.jpg,renault-4gtl
renault-4gtl/00000168.jpg,renault-4gtl
renault-4gtl/00000235.jpg,renault-4gtl
renault-4gtl/00000317.jpg,renault-4gtl
renault-4gtl/00000217.jpg,renault-4gtl
renault-4gtl/00000471.jpg,renault-4gtl
renault-4gtl/00000127.jpg,renault-4gtl
renault-4gtl/00000213.jpg,renault-4gtl
renault-4gtl/00000164.jpg,renault-4gtl
renault-4gtl/00000198.jpg,renault-4gtl
renault-4gtl/00000493.jpg,renault-4gtl
renault-4gtl/00000037.jpg,renault-4gtl
renault-4gtl/00000348.jpg,renault-4gtl
renault-4gtl/00000019.jpg,renault-4gtl
renault-4gtl/00000292.jpg,renault-4gtl
renault-4gtl/00000014.jpg,renault-4gtl
renault-4gtl/00000150.jpg,renault-4gtl
renault-4gtl/00000049.jpg,renault-4gtl
renault-4gtl/00000154.jpg,renault-4gtl
renault-4gtl/00000338.jpg,renault-4gtl
renault-4gtl/00000436.JPG,renault-4gtl
renault-4gtl/00000485.jpg,renault-4gtl
renault-4gtl/00000308.jpg,renault-4gtl
renault-4gtl/00000393.JPG,renault-4gtl
renault-4gtl/00000225.jpg,renault-4gtl
renault-4gtl/00000431.jpg,renault-4gtl
renault-4gtl/00000330.jpg,renault-4gtl
renault-4gtl/00000333.jpg,renault-4gtl
renault-4gtl/00000129.jpg,renault-4gtl
renault-4gtl/00000011.jpg,renault-4gtl
renault-4gtl/00000331.jpg,renault-4gtl
renault-4gtl/00000412.jpg,renault-4gtl
renault-4gtl/00000039.jpg,renault-4gtl
renault-4gtl/00000350.JPG,renault-4gtl
renault-4gtl/00000553.jpg,renault-4gtl
renault-4gtl/00000008.jpg,renault-4gtl
renault-4gtl/00000043.jpg,renault-4gtl
renault-4gtl/00000559.jpg,renault-4gtl
renault-4gtl/00000207.jpg,renault-4gtl
renault-4gtl/00000346.jpeg,renault-4gtl
renault-4gtl/00000568.jpg,renault-4gtl
renault-4gtl/00000527.jpg,renault-4gtl
renault-4gtl/00000295.jpg,renault-4gtl
renault-4gtl/00000042.jpg,renault-4gtl
renault-4gtl/00000332.jpg,renault-4gtl
renault-4gtl/00000137.jpg,renault-4gtl
renault-4gtl/00000557.jpg,renault-4gtl
renault-4gtl/00000181.jpg,renault-4gtl
renault-4gtl/00000371.jpg,renault-4gtl
renault-4gtl/00000344.jpg,renault-4gtl
renault-4gtl/00000238.jpg,renault-4gtl
renault-4gtl/00000180.jpg,renault-4gtl
renault-4gtl/00000167.jpg,renault-4gtl
renault-4gtl/00000218.jpg,renault-4gtl
renault-4gtl/00000086.jpeg,renault-4gtl
renault-4gtl/00000480.jpg,renault-4gtl
renault-4gtl/00000494.jpg,renault-4gtl
renault-4gtl/00000391.jpg,renault-4gtl
renault-4gtl/00000342.jpg,renault-4gtl
renault-4gtl/00000125.jpg,renault-4gtl
renault-4gtl/00000031.JPG,renault-4gtl
renault-4gtl/00000474.jpg,renault-4gtl
renault-4gtl/00000310.jpg,renault-4gtl
renault-4gtl/00000538.jpg,renault-4gtl
renault-4gtl/00000030.jpg,renault-4gtl
renault-4gtl/00000366.jpg,renault-4gtl
renault-4gtl/00000289.jpg,renault-4gtl
renault-4gtl/00000119.jpg,renault-4gtl
renault-4gtl/00000020.jpg,renault-4gtl
renault-4gtl/00000357.jpg,renault-4gtl
renault-4gtl/00000160.jpg,renault-4gtl
renault-4gtl/00000144.jpg,renault-4gtl
renault-4gtl/00000246.jpg,renault-4gtl
renault-4gtl/00000411.jpg,renault-4gtl
renault-4gtl/00000430.jpg,renault-4gtl
renault-4gtl/00000449.jpg,renault-4gtl
renault-4gtl/00000509.jpg,renault-4gtl
renault-4gtl/00000433.jpg,renault-4gtl
renault-4gtl/00000564.jpg,renault-4gtl
renault-4gtl/00000488.jpg,renault-4gtl
renault-4gtl/00000439.jpg,renault-4gtl
renault-4gtl/00000038.jpg,renault-4gtl
renault-4gtl/00000061.jpg,renault-4gtl
renault-4gtl/00000394.JPG,renault-4gtl
renault-4gtl/00000570.jpg,renault-4gtl
renault-4gtl/00000372.jpg,renault-4gtl
renault-4gtl/00000466.jpg,renault-4gtl
renault-4gtl/00000369.jpg,renault-4gtl
renault-4gtl/00000076.jpg,renault-4gtl
renault-4gtl/00000098.jpg,renault-4gtl
renault-4gtl/00000573.jpg,renault-4gtl
renault-4gtl/00000228.jpg,renault-4gtl
renault-4gtl/00000563.JPG,renault-4gtl
renault-4gtl/00000201.jpg,renault-4gtl
renault-4gtl/00000232.jpg,renault-4gtl
renault-4gtl/00000080.jpg,renault-4gtl
renault-4gtl/00000272.jpg,renault-4gtl
renault-4gtl/00000059.jpg,renault-4gtl
renault-4gtl/00000233.jpg,renault-4gtl
renault-4gtl/00000280.jpg,renault-4gtl
renault-4gtl/00000459.jpg,renault-4gtl
renault-4gtl/00000250.jpg,renault-4gtl
renault-4gtl/00000387.jpg,renault-4gtl
renault-4gtl/00000534.jpg,renault-4gtl
renault-4gtl/00000100.jpg,renault-4gtl
renault-4gtl/00000279.jpg,renault-4gtl
renault-4gtl/00000282.jpg,renault-4gtl
renault-4gtl/00000536.jpg,renault-4gtl
renault-4gtl/00000029.jpg,renault-4gtl
renault-4gtl/00000519.jpg,renault-4gtl
renault-4gtl/00000027.jpg,renault-4gtl
renault-4gtl/00000036.jpg,renault-4gtl
renault-4gtl/00000274.jpg,renault-4gtl
renault-4gtl/00000334.jpg,renault-4gtl
renault-4gtl/00000257.jpg,renault-4gtl
renault-4gtl/00000208.jpg,renault-4gtl
renault-4gtl/00000529.jpg,renault-4gtl
renault-4gtl/00000311.jpg,renault-4gtl
renault-4gtl/00000521.jpg,renault-4gtl
renault-4gtl/00000476.jpg,renault-4gtl
renault-4gtl/00000244.jpg,renault-4gtl
renault-4gtl/00000291.jpg,renault-4gtl
renault-4gtl/00000084.jpg,renault-4gtl
renault-4gtl/00000004.jpg,renault-4gtl
